{"て":{"kana_char":"て","easiness_factor":1.7000000000000002,"interval":1,"repetitions":0,"next_review_date":"2025-12-11T06:54:06.131560635Z"},"りゅ":{"kana_char":"りゅ","easiness_factor":1.7000000000000002,"interval":1,"repetitions":0,"next_rev-12-11T06:54:19.96834577:54:19.968351635Z"}}